{"cameraMode":{"drawMode":0,"name":"Shaded","section":"Shading Mode"},"sceneLighting":true,"audioPlay":false,"sceneViewState":{"showFog":true,"showMaterialUpdate":false,"showSkybox":true,"showFlares":true,"showImageEffects":true,"showParticleSystems":true},"in2DMode":false,"pivot":{"x":-21.970157623291017,"y":-0.9601287841796875,"z":14.828807830810547},"rotation":{"x":-0.08429207652807236,"y":0.9155076146125794,"z":-0.28803160786628725,"w":-0.2679222822189331},"size":119.7740249633789,"orthographic":false}